Journal	Vol	#	Title	Part	Subtitle	Notes
OTF	1	1	Fierce Days and Nights in Flanders			
			Jack Malone		The First Ace of Naval 3	
			Hans Pippart		An Ace From Baden	
			Combat History of Groupe de Combat 23			
			No Greater Love		The Story of Lt Wilbur White	
			The Ordeal of Alan Winslow			
			Summary of the Career of Silvio Scaroni			
			Colors		Nieuport 17s in Italy	
			Mentioned in Despatches			
			Taps			
			Between the Bookends			
OTF	1	2	L'Escadrille SPA 163			
			Caporetto	1	The Breakthrough	
			Individual Markings of No 64 Squadron RFC/RAF			
			"No 4 Squadron, Australian Flying Corps"			
			Smuggled German Aircraft		
			Jean Bourjade		The Pilot of St Thérése
			Hans-Gerd Rabe		"In Memoriam, 1895-1986"
			Plumage		"The Hard Luck Escadrille: Marking and Short History of SPA 159 ""Le Poing"""
			Mentioned in Despatches		
			Taps		
			Between the Bookends		
OTF	1	3	Leutnant der Reserve otto Brauneck	2	
			The War Diary and Letters of Walter L Avery		95th Aero Squadron
			"The War Diary and Letters of Lansing C Holden, Jr"		95th Aero Squadron Ace
			Caporetto	2	Retreat and Recovery
			Plumage		"17th Aero Squadron USAS ""The Snow Owls"""
			Mentioned in Despatches		
			Taps		
			Between the Bookends		
OTF	1	4	Carroll Dana Winslow		
			Groupe de Bombardement 1		A History
			A Brief Photo Essay of the Sopwith Snipe 7F.1		
			Bohumil Munzar		
			The Final Dogfight of the Red Baron		
			Caporetto	3	The Aftermath
			"A Collector's ""Flea Market Find"""		
			How I Won My Wings		
			Plumage		
			Mentioned in Despatches		
			Taps		
			Between the Bookends		
OTF	2	1	L'Escadrille SPA 154		
			A Brief History of Escadrille AR 258		
			The Original Flying Circus		The Combat Log of Royal Prussian Jadgstaffel 11
			Observations Over the Italian Front		
			A Winged Crusader Over Palestine		"Lt J E Atkinson, 14 Squadron RFC"
			"Jonathan P Glasby, Jr"		2nd Lt F.A and 278th Squadron
			Flying with 20		The Wartime Experiences of John Metcalf Purcell
			"A Short Time in the Air, a Short Time in Prison"		"Frederick Vernon Foster, 91st Aero Squadron USAS"
			"Outline of Italian Military Air Service Organization, May 1915"		
			Gottfried von Bansfeld		"The Eagle of Trieste: In Memoriam, 1890-1986"
			"Willy Coppens, Baron de Houthulst"		In Memoriam 1892 - 1987
			Plumage		Escadrille SPA 154
			Mentioned in Despatches		
			Taps		
			Between the Bookends		
OTF	2	2	Some Reflections on Austro-Hungarian Aviation in World War I		
			The Austro-Hungarian Aeromotor Industry 1910-1918		
			An Interview with Ralph A O'Neill		
			Heinrich Mathy's Last Raid		
			Horace Clyde Balsley of N 124		
			"""Smith IV"" Restored"		
			Documents Relating to Richthofen's Last Battle	1	
			The Le Prieur Rocket and its Inventor		
			"John Lansing Callan, Naval Aviation Pioneer"		
			Colors	1	American Breguet 14s
			Mentioned in Despatches		
			Taps		
OTF	2	3	Flieger-Abteilung (A) 240		The Reminiscences of Dr. Friedrich Kamfenkel
			DFW C.V - A Short History		
			German POW Interrogations		
			World Power or Downfall!		"The Story of the ""Silent Raid"""
			A Balloon Buster on the Eastern Front		Reminiscences of Dr. Wilhelm Bormann
			Jasta 11 Revisted		
			Banfield War Diary Excerpts		
			Plumage		"No 2 Squadron, AFC aka No 68 Squadron, RFC"
			Mentioned in Despatches		
			Taps		
			Between the Bookends			
OTF	2	4	Reminiscences of a Schlachtflieger		Eduard Wolfgang Zorer	
			"A Brief History of No 41 Squadron, RFC/RAF"			
			The LVG C.V and C.VI General Reconnaissance Biplanes			
			Groupe de Combat 16			
			A Brief History of US Naval Dirigible Stations in Foreign Service			
			Colors		The Pfalz D.III and D.IIIa	
			Mentioned in Despatches			
			Taps			
			Between the Bookends			
OTF	3	1	21 April 1918 - The Bodenschatz Account			
			Fighting High Up and Far Over			Correspondence between Gwilym Lewis and Keith Caldwell
			American Cadet Training in Europe		from General Mason M Patrick's Final Report	
			German Army and Naval Air Services (Victory Claims)		"January, February, and March 1916"	
			"""Tommy"" - Letters to Bill Truver"		" from D G Lewis, No 3 Squadron RFC/RAF"	
			The Wartime Experiences of David W Lewis		"25th Aero Squadron, USAS"	
			Piloting for Aerial Observation		"Capt Philip R Babcock, 88th Aero Squadron USAS"	
			The Final Honors			Funerals
			Plumage		"Escadrille N 87 - ""Les Chats Noirs"""	
			Mentioned in Despatches			
			Taps			
			Between the Bookends			
OTF	3	2	Irving Edward Sheely - Naval Observer		War Letters	
			Iwan Smirnoff: Imperial Russian Aces		Reminiscences	
			German Jasta and Jagdgeschwader Cos 1916-1918			
			Photos from the Archives			
			"""Super Bowl I"" - a Dallas Seminar Report"			
			Mentioned in Despatches			
			Taps			
			Between the Bookends			
OTF	3	3	Reminiscences of a Fighter Pilot		"Gordon T Collinson, No 41 Squadron RAF"	
			Wounded in Action		"The Story of Harold H Tittmann, Jr, 94th Aero Squadron"	
			Manfred Freiherr von Richthofen		His Aeroplanes and Victories
			Commanding the 11th		The Service Career of Capt Charles Heater
			Research: The Great Adventure		
			On the Cutting Edge		Notable Victtories and Losses of No 24 Squadron
			Plumage		"Hawker's Own: No 24 Squadron, RFC"
			Mentioned in Despatches		
			Taps		
			Between the Bookends		
OTF	3	4	The War Letters of Hauptmann Adolf Ritter von Tutschek	1	
			Upstairs - Downstairs		
			Jerry Cox Vasconcells		Colorado's Only AEF Ace
			The Wartime Experiences of Henry Forster		
			Training of German Aviators		
			Colors	2	American Breguets
			Mentioned in Despatches		
			Taps		
			Between the Bookends		
OTF	4	1	The War Letters of Hauptmann Adolf Ritter von Tutschek	2	
			Toulis Aerodrome - 70 Years Later		
			Zeppelin Intelligence		
			The Rumpler D.I		"""Super-Plane""? The Fable and the Facts"
			World War I Aviation Gallery Opened at Le Bourget		
			Oops! Repair Time at Schwerin		
			A Wartime Momento		
			The Thrills and Perils of Frying Sausages		
			Plumage		"Escadrille SPA 103 - ""Les Cignones de Fonck"""
			Mentioned in Despatches		
			Taps		
			Between the Bookends		
OTF	4	2	"No 48 Squadron, RFC/RAF"		
			The Hassana Raid		
			Groupe de Combat 22		
			In Memoriam		William Melville Alexander
			In Memoriam		Dr Gustav Bock and Dr Brian P Flanagan
			Preparing an Article for Publication		
			Plumage		First Bristols - No 48 Squadron RFC/RAF
OTF	4	3	French Day Bombers 1914-1918		
			The History of the Original Groupe de Bombardment 2		
			The Bombardment of Paris		
			Interrogation Guide for Aviation Personnel		
			Hooper Aviation History Award Recipients Announced		
			Caproni Ca36 in Restoration at Air Force Museum		
			In Memoriam		"James L Kerr, III"
			Mentioned in Despatches		
			Taps		
			Between the Bookends		
OTF	4	4	Albert Dossenbach		Baden's Pour le Mérite Ace
			The Military Awards of the Grand Duchy of Baden		
			Combat Fliers of Baden		
			Baden's Airmen Remember		
			Attacking a Balloon		
			Infantry Contact Patrol		
			Flights with a Schutzstaffel		
			Color		Die Flieger von Baden
			Honor Roll of the Fallen Fliers of Baden		
OTF	5	1	An Interview with Reed Landis		One of the Top American Aces of World War I
			The First German Single-Seater Victory and Birth of the Jagdstaffel		
			Many Battles and Many a Bold Venture		Letters of Oberleutnant Erwin Böhme
			The Champlin Figher Museum		Aircraft of the Aces
			"Colonel Gorrell and his ""Nearly Forgotten Records"""		
			In Memoriam		
			Plumage		"No 74 ""Tiger"" Squadron"
			Mentioned in Despatches		
			Taps		
			Between the Bookends			
OTF	5	2	An Interview with Ernest Crossen of No 24 Squadron			
			Ralph V Hunt's Letters from Issoudun			
			USA Navy F-5-L Flying Boat		A FLIGHT Evaluation	
			Shot with Luck!		The Story of Robert Alexander Anderson	
			The Homing Pigeon			
			In Memoriam		Carl August van Schoenebeck	
			Between the Bookends			
			Bent Plumage		N 159 Revisited	
			Mentioned in Despatches			
			Taps			
OTF	5	3	What - No Airplanes?			Gorrell's speech on failures of US aircraft industry and USAS
			Reinhold Platz and the Fokker Company			
			Belts and Drums		A Survey of Ammunition Totals of First World War Aircraft	
			"Lt ""Abe"" Abernethy and the 147th Squadron"			
			Victor Victorovich Utgoff		The Adventures of and Imperial Russian Naval Pilot	
			Colors		The Roland D.II and D.Iia		
			Between the Lines				
			Caproni Rollout				
			Seminar II - A Dayton Report				
			Behind the Lines				
			Mentioned in Despatches				
			Between the Bookends				
			Taps				
OTF	5	4	Obersteuermann Paul Puzicha				Zeppelin crewman interned in Denmark
			"The Renumbering of the German Two-Seater Formations in Late 1916, Early 1917"				
			One Man's Photo Album				Anonymous Bavarian(?) ground crew
			The Ordeal of Harold Tittmann				
			The Fokker Triplane in Service				
			The Eastern Front		War Episodes in Russian Aviation 1914-1917		
			Colors		American Salmsons		
			Between the Lines				
			Mentioned in Despatches				
			Between the Bookends				
			Taps				
OTF	6	1	The Richthofen Museum				
			Schweidnitz Revisited				Modern visit to MvR's home town
			Nungesser				
			Project Aerodromes				Gazetteer and map for western front
			Plumage		SPA 84: L'Escadrille des Renards		
			Between the Lines				
			Mentioned in Despatches				
			Between the Bookends				
			Taps				
OTF	6	2	In Italian Skies	1			
			What's Left to be Done		The First 30 Years		
			Sikorsky Float Planes for the Imperial Russian Navy				
			"94th Aero Squadron ""Hats in the Ring"""				
			Between the Lines		
			Mentioned in Despatches		
			Between the Bookends		
			Taps		
OTF	6	3	Air War over Baden		
			Rodney Uhde - Bombenflieger		
			More Combat Fliers of Baden		
			Ballooon Commander		Reminiscences of Paul Vittali
			Two-Seater Pilot Phillip Schneider		
			In Memoriam: Wolfram Eisenlohr		Baden's Greatest Naval Flier
			In Memoriam: Dr. Friedrich Kamfenkel		Flieger-Abteilungen (A) 240
			Between the Lines		
			Colors		Die Flieger von Baden
			Behind the Lines		
			Mentioned in Despatches		
			Taps		
OTF	6	4	Between the Lines		
			From Chanute Field to the 91st Aero Squadron		
			Captain deHavilland's World War I Designs		
			Flying Over Flanders		Leutnant Böhme's Letters
			1/Lt Barney M Landry		"Field 2 Moniteur, 3rd Aviation Instruction Center"
			The Search for Lt Seibold		
			The Aerial Gunnery School for Bombardiers		"San Leon, TX"
			Colors		D.VII Decor
			Between the Bookends		
			Mentioned in Despatches		
			Taps		
OTF	7	1	The Italian Campaign in Macedonia and Albania	1	
			"Imperial Russian Orders, Medals, Badges, and Decorations Awarded to Aviators in World War I"		
			The Beginnings of Air Power		Russia's Long Range Strategic Reconnaissance and Bomber Squadron 1914-1917
			In Italian Skies	2	
			Plumage		Escadrille MSP 158
			Colors		D.VII Decor Encore	
			Between the Lines			
			Behind the Lines			
			Mentioned in Despatches			
			Between the Bookends			
			Taps			
OTF	7	2	The Apprentice Air Marshal			
			The Italian Campaign in Macedonia and Albania	2		
			Manfred Freiherr von Richthofen Victory List			
			The 2cm Becker Aircraft Cannon		Development and Use	
			A Mechanic's Story		Dallas L Darling of the 139th Aero Squadron	
			"Legend, Memory and the Great War in the Air"		"Hey Marge, Are We Still in Air and Space"	
			"Legend, Memory and the Great War in the Air"		Gloom and Doom at NASM	
			Mentioned in Despatches			
OTF	7	3	"""Devil Dog"" Sam Richards"			American Marine Pilot
			Eyes on the Storm	1		Canadian Pilots
			Aviation Art		Brush Strokes of History	
			"Sergeant First Class James Cliston Sowers, 28th Aero Squadron"			
			Flugzeugobermatrose Friedrich Gröschke			
			Seminar in the Sun		"San Diego, 1992"	
			An Interview with George H Cronin			
			Between the Lines			
			Mentioned in Despatches			
			Between the Bookends			
			Behind the Lines			
			Taps			
OTF	7	4	"Jagdstaffel 22 Through the Eyes of ""Kobes"""		4	Kobes = Josef Jacobs
			Eyes on the Storm	2		Canadian Pilots
			Filley: America's First RFC Warbird			"Oliver Dwight Filley, No 1 Squadron RFC"
			Documents Relating to Richthofen's Last Battle	2		
			Air Force Museum Rolls Out Two Two-Seaters			
			Colors		The Albatros D.II	
			Fred Paul Carriel of the 278th Aero			
			Between the Lines			
			Behind the Lines			
			Mentioned in Despatches			
			Between the Bookends			
			Taps			
OTF	8	1	The Application of Air Power in Allenby's Megiddo Campaign			
			Albatros C.III			
			Escadrille Salmson 40			
			"""There I Was, Dead on His Tail When -"""			"Machine gun jams, Lewis andVickers"
			Aerodrome '92			Flying Replicas
			Plumage		Escadrille SAL 40	
			"""75 Days to Get 34 Huns"""			Two dispatches showing RFC attention to victory totals
			Between the Lines			
			Mentioned in Despatches			
			Behind the Lines			
			Between the Bookends			
			Taps			
OTF	8	2	Mann Egerton SPAD 7.C1: B9916			
			The Real SPAD			Design and construction notes
			The Events of 21 April 1918			
			The Death of the Red Baron		When is it Too Much?  An Essay	
			The Fokker Dr.I		A Question of Details	
			Eyes on the Storm	3		Canadian Pilots
			By Full Moon or Parachute Flare		"Aerial Night Observation and Reconnaissance Along the Western Front, 1914-1918"	
			Between the Lines			
			Mentioned in Despatches			
			Taps			
OTF	8	3	From the Balkans to the Baltic		Reminiscences of Oberst a.D. Robert Holtzmann	
			The History of Royal Württemberg Flieger-Abteilung (A) 224			
			Ehrentafel Def Gefallenen Württembergischen Flieger			List of Württembergers having aviation-related deaths
			Colors		Aircraft of Royal Württemberg Jadgstaffel 28	
			Between the Lines		
			Mentioned in Despatches		
			Behind the Lines		
			Between the Bookends		
OTF	8	4	Rebuilding the Jasta Boelcke		Leutnant Erwin Böhme's Letters
			"Where are the Böhme Brothers, Martin and Erwin, Buried?"		
			Monoplane Fighters of World War I		
			The Eye of the Army and the Eagle		"The Military Career of an Observer in the Royal Bavarian Flying Corps, Leutnant d R Max Gröschel"
			Ed Brandt		An American in a Camel Cockpit - Recollections
			L 53 and the Distant Flying Boats		
			Between the Lines		
			Mentioned in Despatches		
			Between the Bookends		
			Taps		
OTF	9	1	Over the Wine-Dark Sea	1	Aerial Aspects of the Dardanelles/Gallipoli Campaign
			Samson vs Kemal: Did it Really Happen?		
			"Gordon Thomas Collinson, No 41 Squadron, RAF"		A Postscript	
			An Early Answer to Airpower		Antiaircraft Service in the AEF	
			Plumage		SPA 156: L'Escadrille des deux martinets	
			The Magnificent Man and His Flying Machines			Cole Palen
			Target Practice on a Swiss Balloon			
			"Is It Live, or Is It … ?"			Pictures of Models
			Between the Lines			
			Mentioned in Despatches			
			Behind the Lines			
			Between the Bookends			
			Taps			
OTF	9	2	Wartime Memoirs of John Jay Schieffelin			American pilot on flying boats with the British
			Flying Boats Over the North Sea: 1918			
			Naval Aviator 1091 in World War I			Steven Albert Freeman
			Over the Wine-Dark Sea	2	"Aerial Aspects of the Dardanelles/Gallipoli Campaign - Operations of HMS Ben-My-Chree, June 1915-January 1916"	
			Curse You Red Baron		Too Much IS Too Much	"Response to OTF V8#2 ""The Death of the Red Baron"""
			The Hansa Brandenburg W.29 and German Naval Camouflage			
			Richmond			British Aviation School
			Between the Lines			
			Mentioned in Despatches			
			Behind the Lines			
			Between the Bookends			
			Taps			
OTF	9	3	Das Konigliche Jagdgeschwader Nr II	1		
			Over the Wine-Dark Sea	3	Aerial Aspects of the Dardanelles/Gallipoli Campaign - Turco-German Aviation	
			Germany's Technological Imperative		Why the Pfalz Triplanes Achieved Only Limited Production	
			Colors	1	Jagdgeschwader Nr II	
			The Death of Werner Voss			
			Vimy 19/94			Restored Vickers aeroplane
			Between the Lines			
			Mentioned in Despatches			
			Between the Bookends			
OTF	9	4	Kobes in Fokkerstaffel-West			Josef Jacobs
			Das Königliche Preussiche Jagdgeschwader Nr II	2		
			The Black Icharus		Eugene Bullard in the Dawn of Military Aviation	
			Colors	2	Jagdgeschwader Nr II	
			Between the Lines			
			Mentioned in Despatches			
OTF	10	1	Royal Prussian Jagdgeschwader Nr II			
			Royal Prussian Jagdgeschwader Nr II Combat Log			
			Royal Prussian Jagdgeschwader Nr II Personnel Roster			
			Royal Prussian Jagdgeschwader Nr II Airfields			
			The First Battle of Britain		A Statistical Study	
			A Retrospective View of Ltn Erwin Böhme			
			Between the Lines			
			Colors	3	Jagdgeschwader Nr II	
			A League of Modelers			
			Between the Bookends			
OTF	10	2	Wartime Letters From France		The Letters of Lieutenant Raymond L Suppes	
			Grounded		American Women Aviators in the Great War	
			Crusaders in the Sky		The Lafayette Escadrille	
			"Chronicle of the Operations of the 1st Corps Air Detachment of the Imperial Russian Air Service, 1914-1917"			
			A Father's Love			"Eldred W Bowyer-Bower, No 59 Squadron"
			Where Did von Richthofen Crash?			
			Vimy 19/94 (continued)			
			Post Script		Eugene Bullard	
			Between the Lines			
			A League of Modelers			SPAD 13
			Colors		Skullduggery	Pictures of Death's Head insignia
			Mentioned in Despatches			
			Between the Bookends			
			Taps			
OTF	10	3	The Combat Records of Herman Göring			
			The Aircraft of Herman Göring			
			The Conflict Between Truth and Legend		A Dilemma for Researchers?	
			The Early Morning Hours of 2 June 1917			Bishop's Raid
			Other Early Morning Attacks			
			Bishop's Aircraft		"Colors and Markings, No 60 Squadron, RFC"	
			"Dieudonné Costes, Pilote de Chasse"			
			Between the Lines			
			A League of Modelers			
			Mentioned in Despatches			
			Between the Bookends			
OTF	10	4	Bad Day at Cambrai			Battle background and retracing Arthur Gold Lee's ground attack
			"Jagdstaffel 47w, a History"			
			Royal Naval Air Service Sopwith Triplane Casualties			
			"""Introduction to a Flying Book"""		from vom Jäger zum Flieger	Karl-Emil Schäfer's introductory comments
			A Chat with Lothar			
			The Navy at MIT			
			Discovering the Forgotten Intangibles of WWI Aviation			Experiencing WW1 Aviation at Old Rhinebeck
			The New Rhinebeck Aerodrome Museum			
			Between the Lines			
			A League of Modelers			Modeling contest rules
			Mentioned in Despatches			
OTF	11	1	The End of an Action-Filled Life		Leutnant Erwin Böhme's Final Letters	
			Hertha's Album		"A Pictorial Biography of the Alte Adler and Prussian Pilot, Ltn D Res Fritz John Jacobsen (FFA 1, Jasta 17 9, 31, and 73)"	
			"The ""Unknown Writer"" Behind the ""Unknown Aviator"""		The Story of War Birds	
			Becoming Operational Out of the First Oxford Detachment			
			Between the Lines			
			Between the Bookends			
			Mentioned in Despatches			
			Taps			
OTF	11	2	Point Cook 1913-1918		A Documentary History	
			Air War East		"Bombing and Reconnaissance on the Russian Front, 1914-1917"	
			Over the Wine-Dark Sea	4	Aerial Aspects of the Dardanelles/Gallipoli Campaign - The German Wasserfliegerabteilung	
			Rubber Cows		US Navy Shipboard Balloons in World War I	
			Colors		The Halberstadt CL.II	
			Between the Lines			
			A League of Modelers		The Hanriot HD.1	
			Mentioned in Despatches			
			Between the Bookends			
OTF	11	3	"Lt Zenos R Miller, 27th Aero, USAS"			
			Double Jeopardy	1		
			Double Jeopardy	2		
			From Uhlan to Fighter Ace		From the Memorabilia of Major A D Joseph Mai	
			Albatros C.VII			
			Over the Wine-Dark Sea	5	Aerial Aspects of the Dardanelles/Gallipoli Campaign - The Defense of the Bosphorus and the Fokker Staffel	
			Colors		The Bréguet 14.A2 and 14.B2	
			Between the Bookends			
			Mentioned in Despatches			
			Taps			
OTF	11	4	Threads From a Flying Carpet			"Diary Excerpts from Lt Clive Conrick, No 1 Squadron, AFC"
			"The ""Port-Said Squadron"" "		"The First Squadron of French Naval Aviation, 1914-1916"	
			Flying Sharks and Treacherous Teutons			Allied perceptions of German pilots
			"Clifford Adams, USNRF"			
			"The Letters and Writings of James H McMillen, Lafayette Flying Corps"			
			Ace Over the Electric Front			Survey of Internet sites
			The Ace of Seminars		A Feast for All	
			Between the Lines			
			Between the Bookends			
			Mentioned in Despatches			
OTF	12	1	The Silent Volunteers			Americans in the RFC/RAF
			"Roster of RFC, RNAS, and RAF ""Silent Volunteers"" at the Front"			
			Pranged		A Photo Essay of JN-4 and JN-4a Crashes in Canada	
			Unsung Sextet			Six Americans in the RFC/RAF
			The Baron's 67th			
			"""In Case I Should Not Return"""		"Lt Robert Gordon Jardine, 56 Sqdn, RFC"	
			What's in a Name?			Names as personal markings
			Between the Lines		
			Mentioned in Despatches		
			Taps		
			Between the Bookends		
OTF	12	2	Buzzer Nights		Zeppelin Raids on Hull
			Leutnant Kurt von Crailsheim		"An Early, Ardent Fokker Pilot"
			A Retrospective View of Ltn Erwin Böhme	2	
			Four Thoughts in Praise of Harry Tate		
			What's in a Name? (The Missing Drawings)		
			The Royal Bavarian Air Service and its Schleissheim Airfield		
			Between the Lines		
			Between the Bookends		
			Mentioned in Despatches		
OTF	12	3	Karl Allmenröder Remembered		
			Combat Success in American Aviation: 1918		
			Combat Effectiveness		United States Marine Corps Aviation in the First World War
			Otto Roosen - Three View			
			The Girl He Left Behind			von Richthofen's love life
			The First Yale Unit			
			Introduction to Aerial Combat		A French View	
			Between the Lines			
			Mentioned in Despatches			
			Between the Bookends			
OTF	12	4	The History of Royal Württemberg Flieger-Abteilung (A) 252			
			Dad's Photo Album		Views of the RFC/RNAS/RAF	
			Dutch Treat		Aircraft Interned in the Netherlands	
			Leutnant der Reserve Erwin Breuninger		A Württemberg Artillerist in the Luftstreitkräfte	
			The Red Baron as Archetypal Hero			
			First Bombs on Dunkirk			
			Colors		"The Hannover CL.II, III, and IIIa"	
			Between the Lines			
			Mentioned in Despatches			
			Between the Bookends		
			Taps		
			Index to Volume 12		
OTF	13	1	Wings Over the Sinai and Palestine		
			The Last of the Foggiani		
			Out of Luck		"A Black Day of Russian Naval Aviation, 5 May 1917"
			Between the Lines		
			Mentioned in Despatches		
			Between the Bookends		
			Taps		
OTF	13	2	Thomas Dewitt Milling		US Army Aviator Number One
			"1st Aero Squadron in Texas City, Texas"		
			Leutnant Julius Buckler		Episodes from Malaulu def Kampfruf Meiner Staffel
			"1/Lt William Muir Russell, 95th Aero Squadron"	1	Training in the States
			WWI Flying on the Texas Gulf Coast		
			Creating General Pershing's Wartime Air Service	1	
			James Norman Hall	1	The Great Adventurer	
			Between the Lines			
			Mentioned in Despatches			
			Between the Bookends			
OTF	13	3	The Blue Max Revisited			The novel and the movie
			Eduard Ritter von Scheich		Der Schwarze Ritter vom Deustchland	
			Steeds for the Black Knight		The Aircraft of Eduard Ritter von Schleich	
			"""One Step Closer to Hauptmann"""		The Last Flight of Oberleutnant Kurt Wolff	
			Royal Bavarian Jagdgeschwader IV B			
			Charles A Donald		One of the Originals	
			"Experience, Fortune, and Planning"		The German Accounts of the Black Sea and Baltic Naval Aerial Combats of 18 May 1917	
			Germany's Dirigibles		Bringing the War Home to England	
			The Aircraft of Rudolf Stark			
			Bloody April			
			A League of Modelers		Modeling the Fokker E.III Cockpit	
			Raoul Lufbery Enshrined in the National Aviation Hall of Fame			
			Between the Lines		
			Mentioned in Despatches		
OTF	13	4	… More Than Would be Reasonably Anticipated		"The Story of No 3 Wing, RNAS"
			The Search for Frank Luke		
			"""His Hands on the Stick, His Wings on His Chest"""		Lt Eugene Hoy Barksdale in the First World War
			An Interview with Charles G Catto		45 Squadron RFC
			The Desert Seminar		May 1-2 1998 - Reflections of an Event
			Between the Lines		
			Mentioned in Despatches		
			Between the Bookends		
			Taps		
			Index to Volume 13		
OTF	14	1	German Navy Seaplane Serial Numbers and Classification Codes		
			The Austro-Hungarian Air Service		A Lecture to a Military Leadership Course on the Italian Front
			The German Air Effort and the Central Powers Romanian Campaign		"Phase 1, the Fluid Phase: August 1916 - January 1917"
			An Unknown War Theatre		Russian Naval Aviation in the Caspian Sea in 1918
			The Best World War I Fighter			
			Cleaning Up and Going Home		A Photo Essay	Captured German aircraft in Americans hands
			Nachrichtenblatt der Luftstreitkräfte			15-Mar-17
			A League of Modelers			Lozenge camouflage by hand
			Between the Lines			
			Mentioned in Despatches			
			Between the Bookends			
OTF	14	2	A Lucky Break		"Major Henry D Williams - 17 and 7 Squadrons, RFC"	
			Flying in the Great War: Rx for Misery	1	An Overview of the Medical and Physiological and Psychological Aspects of Combat Flying During the First World War	
			Where Did Richthofen Forceland on 6 July 1917?		A Visit to La Montaigne (Wervicq-Sud)	
			Creating General Pershing's Wartime Air Service	2		
			"1/Lt William Muir Russell, 9th Aero Squadron"	2		
			Nachrichtenblatt der Luftstreitkräfte			5-Apr-17
			Between the Lines			
			Mentioned in Despatches			
			Between the Bookends			
OTF	14	3	Madison Ace		"Lt Kenneth Unger 210 Squadron, RAF"	
			German Navy Landplane Serial Numbers			
			My Last Time at the Front July-August 1918			
			Ernest E Kesling		Army of Occupation Pilot	
			The Albatros D.V and D.Va		A Photo Essay	
			Nachrichtenblatt der Luftstreitkräfte			12-Apr-17
			Between the Lines			
			Mentioned in Despatches			
			Between the Bookends			
OTF	14	4	"La Chronologie de l'Escadrille les ""Cigognes"""			
			Ernest Benway aka Leo Benoit of the Lafayette Flying Corps			
			"""Nobody Thought to Give Him a Medal"""		"Private Fred A Schubert, Mechanic with the 100th Aero Squadron"	
			Dutch Military Aircraft: 1910-1920			
			Alfred Austell Cunningham		Father of Marine Corps Aviation	
			Between the Lines			
			Mentioned in Despatches			
			Between the Bookends			
			Index to Volume 14			
OTF	15	1	Is Guynemer Buried in Rumbeke?			
			Flying Swabians		The History of Royal Württemberg Jagdstaffel 28	
			Gotha G.V			
			Nachrichtenblatt der Luftstreitkräfte			3-May-17
			Between the Lines			
			Mentioned in Despatches			
			Between the Bookends			
OTF	15	2	The Royal Bavarian Flying Corps			
			"Bavarian Observers, Their Training in Schleißheim, and Their Photographs"			
			The Bavarian War Archive in Munich			
			The Development of the Uniform of the Bavarian Flying Corps			
			Bavarian Pour-le-Mérite Pilots and Their Graves			
			Eduard Böhme			
			Gustav Samuel		(1887-1954) Not a Comrade? The Story of a Jewish Airman with Royal Bavarian Schutzstaffel 22	
			Ltn d R Karl Beyschlag			
			Ltn d R Erich Deipser			
			Between the Lines			
			Mentioned in Despatches			
			Between the Bookends			
OTF	15	3	"SPAD S VII, S.1777"		Whose Aircraft?	
			The 13th US Aero Squadron is Reborn			
			As a Guest of Rittmeister Freiherr von Richthofen			
			From the Diary of a Fighter Pilot			Hauptmann aD. Hermann Göring
			In the Göring Staffel			
			As a Fighter Pilot 1917			Heinrich Gontermann
			Battle Flights Over the Channel			
			Downed Without a Shot			
			The Fokker D.VII in Service			
			Defection by Air		The Secret Saga of Antoni Wroniecki	
			Captain Wilfred Beaver			
			"Elmer D Cook, 2/Lt 638th Aero Squadron"			
			Between the Lines			
			Mentioned in Despatches			
			Between the Bookends			
OTF	15	4	Military Aircraft Construction in Australia			
			War Graves of Airmen Killed in World War One			
			The First Four-Motor Bomber Shot Down!			"Il'ya Muromets IM-XVI, 25 Sep 1916"
			Prisoner in Germany: Julian Carr Stanley RCAS			
			As a Fighter Pilot at Richthofen's			
			Wadi Fari'a		"The ""Valley of Death"" in the Great War"	
			Between the Lines			
			Mentioned in Despatches			
			Between the Bookends			
			Taps			
			Index to Volume 15			
OTF	16	1	"The Odyssey of First Lieutenant Wayne Ball Stephenson, ASSC"			
			"Gerstner Field, Then and Now"			
			1st Lt William Muir Russel			
			Merely a Problem of Engineering		"The US Effort to Develop a Helicopter, 1917-1918"	
			Early Aircraft Engines			
			Nachrichtenblatt der Luftstreitkräfte		No 13	24-May-17
			Monument to Frank Luke Restored by International Coalition			
			Between the Lines			
			Mentioned in Despatches			
			Between the Bookends			
OTF	16	2	Leutnant der Reserve Friedrich Rüdenberg			
			Fatalities of German Airmen as a Measure of Relative Air Activity and Victory Claims			
			Berlin War Graves of Airmen Killed in World War I			
			Munich Waldfriedhof War Graves of Bavarian Airmen Killed in World War I			
			German Airmen Buried in Israel		The World War I Military Cemetary in Nazareth	
			Nachrichtenblatt der Luftstreitkräfte		No 14	31-May-17
			Between the Lines			
			Mentioned in Despatches			
OTF	16	3	The History of Groupe de Combat 14			
			Gilbert Jerome		A Victorian Gentleman in a Modern War	
			The Legacy of a Screaming Eagle			
			Nachrichtenblatt der Luftstreitkräfte		No 15	7-Jun-17
			Between the Lines			
			In Memoriam		George Evans	
			Mentioned in Despatches			
			Between the Bookends			
OTF	16	4	Canadian Nationalism			
			Fatal Accidents in Bavarian Aviation Training Centers			
			Malaula	2	Julius Buckler in the Middle of 1917	
			The Making of a Dunkirk Aviator	1	"Ensign James Henry O'Brien, USNRF"	
			Nachrichtenblatt der Luftstreitkräfte		No 16	14-Jun-17
			Between the Lines			
			Mentioned in Despatches			
			Between the Bookends		
			Index to Volume 16		
OTF	17	1	The Making of a Dunkirk Aviator	2	"Ensign James Henry O'Brien, USNRF"
			Paul & August Thayer Iaccaci		American Aces of No 20 Squadron RFC/RAF
			First to Fall		"George Herbert Manley, USN"
			James Norman Hall	2	The Great Adventurer
			Myths and Mysteries of the Great War in the Air		
			Between the Lines		
			In Memoriam		Neal W O'Connor
			In Memoriam		Robert E Carlin
			Mentioned in Despatches		
			Between the Bookends		
OTF	17	2	Lt Camillo Viglino		Italian Air Force
			Flying in the Great War		Rx For Misery
			A Retrospective View of Ltn Erwin Böhme	3	
			James Norman Hall	3	The Great Adventurer
			The Past Lives On			Living pilots William R Crooks and Lt Col John T Potts
			A Groundcrewman's Perspective		"A Brief Photo Essay of the 25th Aero Squadron, USAS via the Stephen White Album"	
			Between the Lines			
			Mentioned in Despatches			
			Between the Bookends			
OTF	17	3	A Man for Sonderfilme		Rudolf Windisch	
			The Schmetterling Farm		"FA 300 ""Pascha"" at Samakh"	
			During the Defensive Battle on the Somme			
			A Snapshot of Boelcke			
			Further Glimpses of Boelcke			
			Between the Lines			
			Mentioned in Despatches			
			Between the Bookends			
OTF	17	4	Comments & Reminiscences Flying as an Observer in Flieger-Abteilung (A) 253			
			Ltn d R Julius Bender		A Badener in Jagdstaffel 10 & 4	
			German Flak in World War I			
			Rare Birds		AEG J.1A and J.II	
			At a Dealer Near You.. You Wish!			Aviation themes in car advertisements
			From the Albums			
			Between the Lines			
			Mentioned in Despatches			
			Between the Bookends			
			Index of Vol 17 2002			
OTF	18	1	"Testing the Military Flyer at Fort Meyer, 1908-1909"			
			Kept Alive by the Postman		The Wright Bros & 1st Lt Benjamin D Foulois at Fort Sam Houston in 1910	
			The First Aerial Canoe		Wilbur Wright & the Hudson-Fulton Flights	
			The Wright Brothers & France: 1908-1909			
			Faded Memories		"The Wright Brothers & Germany, 1908-1913"	
			Witnesses to Flight		Aviation Achievements of the Wrights Described in Recently Discovered Letters Written by Their Contemporaries	
			The History of Escadrille SPA 79 	1		
			Rare Birds		Rumpler 6B1	
			Between the Lines			
			Mentioned in Despatches			
			Between the Bookends			
OTF	18	2	The Sun in Their Eyes		Recent Works on Billy Bishop	
			Eskadra Vozdushnikh Korablei and the Brusilov Offensive			
			History of Escadrille SPA 79	2	Sept 1917-Nov 1918	
			Rare Birds Special Feature		The Curtiss HS Flying Boats	
			Between the Lines			
			Mentioned in Despatches			
OTF	18	3	British Strategic Bombing 1917-1918		The Independent Force	
			Britain's Independent Force		The Rest of the Story	
			Udet's 10th		"2/Lt Robert Edward Taylor, No 41 Squadron, RFC"	
			Rare Birds Special Feature		The Curtiss HS Flying Boats Pt 2	
			Between the Lines			
			Mentioned in Despatches			
			Between the Bookends			
OTF	18	4	The Battle of Angernsee			"Baltic, 1916"
			"""Allo! Allo!"""		Off Cape Cod	US Confrontation with a U-boat
			Rare Birds		Rumpler 6B2	
			"The League ""Centennial of Flight 2003"" Seminar"			
			A Christmas Cigar Box			Belonging to Lt Cdr Gratten Colley Dichman
			A League of Modelers		More on the Fokker E.III	
			Nachrichtenblatt der Luftstreitkräfte		Nr 17	21-Jun-17
			Between the Lines			
			Mentioned in Despatches			
			Between the Bookends			
			Index to Volume 18			omitted from Table of Contents
OTF	19	1	Jesse Orin Creech		148th Aero Squadron	
			Memories of No 3 Squadron Australian Flying Corps			
			No 3 Squadron Australian Flying Corps			
			Rare Birds		The Roland D.III A Photo Essay	
			Nachrichtenblatt der Luftstreitkräfte		Nr 18	28-Jun-17
			Between the Lines			
			Between the Bookends			
OTF	19	2	Ten Days		"Lt Charles B Sands, 27th Aero Squadron"	
			Frank Luke's SPAD #21			
			Joe Wehner		The Other Half of the Famous Balloon Busters	
			Personalities of the First Pursuit Group	1		
			Rare Birds		Nieuport 14	
			Jasta 48		"The ""Hard Luck"" Jasta"	
			Nachrichtenblatt der Luftstreitkräfte		No 19	5-Jul-17
			Between the Lines			
			Mentioned in Despatches			
			Between the Bookends			
OTF	19	3	"Major Harry Brown and His ""Lost Flight"" of the 96th Aero"			
			Quentin Roosevelt and the Gold Star Mother's Pilgrimages			
			And Then There Was One…		A Member's Search	Identities in 13th Aero Squadron USAS picture
			Jesse Orin Creech		148th Aero Squadron	Repeat of OtF V19#1
			Rare Birds		Caudron G6	
			Nachrichtenblatt der Luftstreitkräfte		No 20	12-Jul-17
			"No 3 Squadron AFC Roster, RE8 Serials, Citations, Etc."			
			Between the Lines			
			Mentioned in Despatches			
			My View		The Importance of the Air War: An Essay	
			Between the Bookends			
OTF	19	4	Escadrille SPA 315		The Guardians of Belfort	
			The History of Royal Prussian Jadgstaffel 53			
			Personalities of the First Pursuit Group	2		
			Rare Birds		Nieuport 15	
			Rare Birds Update Extra!		Caudron G6	
			German Air Losses and Victories 1917-1918			
			Between the Lines			
			Mentioned in Despatches			
			My View		"Let's Deal in Richthofen Facts, Not Speculation"	
			Between the Bookends			
OTF	20	1	Over the Front in a Balloon Observer's Gondola		
			Rare Birds Special Feature		The Junkers Monoplanes and Metal Shaping Techniques
			The 11th Aero Squadron		Q
			The 1st Aero Squadron and the Mexican Punitive Expedition		
			The Mexican Punitive Expedition		
			Between the Lines		
			Between the Bookends		
			Over the Front Volume 19 Index		
OTF	20	2	Showing the War		German Strategic Bombing in WW1
			Fokker Triplane F.I 102/17 and F.I 103/17		A Photographic Study
			Interview with an Author		Jeff Shaara
			Shooting Down the Myth of the Rotary Engine		
			Rare Birds		Siemens-Schuckert D.VI Parasol
			Between the Lines		
			Mentioned in Despatches		
			Between the Bookends		
OTF	20	3	"An Evening With Rodney D Williams, 17th Aero Squadron"			
			"Sgt William D von Kennel, 11th Balloon Co, First AAS"			
			Assessing the Effectiveness of American WWI Aerial Bombardment			
			Rare Birds	1	Siemens-Schuckert D.I - Prorotype	
			Three in One Day			Rudolf Windisch
			Between the Lines			
			Mentioned in Despatches			
			Between the Bookends			
OTF	20	4	"Brigadier General Frank P Lahm, USAAF"			
			Special Missions of the Air			Getting spies across the lines
			From Pitch Black to a Very Light Shade of Gray			
			Old Kingsbury Aerodrome			
			Five Favorite Photos		From the Issue Editor's Archives	
			Rare Birds	2	Siemens-Schuckert D.I - Production Variants	
			From the Albums	1	Leutnant Fritz Leitzow FA(A) 218	
			Between the Lines			
			Between the Bookends			
OTF	21	1	In Memory of Ltn d R Fritz von Röth			
			"Jasta Boelcke August 30, 1916 - November 24, 1918"			
			Down But Not Necessarily Out			Canadians shot down by German aces
			Rare Birds		Albatros J.I	
			Mentioned in Despatches			
			Between the Bookends			
			Index for Volume 20 - 2005			
OTF	21	2	In Memoriam		"George H Williams, Jr. 1915-2006"	
			Fighting Machines for the Air Service AEF			
			Eight Minutes Near Bapaume		"An Aeronautical Analysis of Richthofen vs Hawker, 23 November 1916"	
			Captain Alfred Ritscher		"Sailor, Polar Explorer, and Airman"	
			From Russia with Victory		The History of FA(A) 242	
			Between the Lines			
			Between the Bookends			
OTF	21	3	Remembering Peter M Grosz		A German Giant 1926-2006	
			History of the 185th Aero Squadron		
			The Imperial German Eagles of WWI		Their Postcards and Pictures
			Rare Birds		The Fokker V.29
			Rare Birds		Daimler Aircraft of World War One
			Between the Lines		
			Between the Bookends		
OTF	21	4	A Study in Contrasts		"Capts Gillet & Lord, No 79 Squadron, RAF"
			Moose Jaw and Hohenschwangau over Estvelles		Lt Lionel Gilmour and Ltn d Res Josef Müller
			Rare Birds		The Hansa-Brandenburg Monoplanes
			Between the Lines		
			Between the Bookends		
OTF	22	1	Carl Holler		Sänger Flieger
			Orange Skies		The Aerial Defense of Dutch Neutrality
			Airplane Hangars in Schleissheim		
			Rare Birds Extra		Hansa-Brendenburg W.34 Plans Feature
			From the Albums	2	Leutnant Leitzow (A Photo Essay)
			Swords Into Plowshares		Rumpler-Luftverkehr (A Photo Essay)
			Between the Lines		
			Mentioned in Despatches		
			Between the Bookends		
OTF	22	2	Progressive Pilot Training	1	
			Progressive Pilot Training	2	
			"The Diary of Captain Richard Denny Shelby, DSC"		
			In Search of Issoudun		
			SPAD to the Bone		
			Rare Birds		The Otto C.I
			From the Albums	1	"Carlstrom Airfields, Arcadia Florida"
			The Double Ace Seminar		
			Between the Lines		
			Mentioned in Despatches		
			Between the Bookends		
OTF	22	3	The Fokker V.7 Experimental Triplanes		
			A Close Look at the Gnôme 9N Rotary Engine		
			Willy and Me		Dan-San Abbott Meets Willy Coppens
			Pilot Fazil Bey		Turkish Aviation Hero
			From the Albums		Trier Zeppelin Hangar Interior
			Three Weeks at the PRO		
			Soaring Like Eagles into New Heavens	1	American First World War Aviation Monuments and Memorials
			Between the Lines		
			Mentioned in Despatches		
			Between the Bookends		